route_id|stop_id
23294|263294584
23294|772610766
23294|772610760
23294|772610774
23294|287026786
23294|772610789
23294|869892490
23294|772610763
23294|772610777
23294|772610788
23294|1988965848
23294|772610796
23294|1988870118
23294|772610754
23294|1260655611
23294|772610785
23294|2031511649
23294|2031511647
23294|772485789
23294|772485803
23294|762199517
23294|288698713
23294|27496023
23294|772485810
23294|963282003
23294|772485832
23294|27496021
23294|287363824
23294|747152243
23294|287354769
23294|1938784853
23294|747169494
23294|224487185
23294|772620819
23294|765293997
23294|765294005
23294|224487120
23294|772620810
23294|730535599
23294|288769795
23294|224443997
23294|772620813
23294|1988235730
23294|741158209
23294|1988243685
23294|772620822
23294|1988243689
23294|764078272
23294|1988250122
23294|224426987
23294|27678736
23294|1988253507
23294|86096405
23294|1988256778
23294|86096406
23294|224426955
23294|772629254
27030|1621341020
27030|287330516
27030|287330517
27030|287330522
27030|287330525
27030|287330527
27030|287330528
27030|287330530
27030|287330533
27030|287330535
27030|287330537
27030|287330539
27030|287330542
27030|287330543
27194|263494159
27194|1988746231
27194|263494322
27194|732107556
27194|27485829
27194|707416606
27194|732107538
27194|288769777
27194|264387912
27194|288769780
27194|773222019
27194|773221953
27194|1988686026
27194|773222054
27194|27496473
27194|764078123
27194|1988699356
27194|773222063
27194|773221858
27194|773221972
27194|963282003
27194|772485832
27194|747152256
27194|287363819
27194|1987615143
27194|773221861
27194|1987615148
27194|773221896
27194|1988326852
27194|773222009
27194|35213275
27194|773221898
27194|1988330100
27194|773222073
27194|1987641170
27194|767932252
27194|1987654559
27194|773221988
27194|773221994
27194|373103068
27194|35131948
27194|35124994
27194|1987680330
27194|35124921
27223|1988392666
27223|1022706221
27223|1260655611
27223|772610785
27223|2031511649
27223|2031511647
27223|772485789
27223|772485803
27223|762199517
27223|288698713
27223|27496023
27223|772485810
27223|963282003
27223|772485832
27223|1938662543
27223|1252315681
27223|364340449
27223|772485788
27223|27496019
27223|772485797
27223|20911104
27223|772485792
27223|27496017
27223|772485800
27223|1988288673
27223|765890412
27223|1987019531
27223|1988305290
27223|1988305271
27223|1988313818
27223|772485786
27223|274088293
27229|35124921
27229|35124930
27229|35124994
27229|35248974
27229|35134581
27229|373103063
27229|35134593
27229|773221948
27229|767932256
27229|767932251
27229|35135006
27229|35213275
27229|1251771047
27229|35213843
27229|35214364
27229|287013932
27229|287363814
27229|364340452
27229|772485794
27229|1987433325
27229|772508340
27229|772508336
27229|772508337
27229|772508343
27229|772508339
27229|21141095
27229|754168300
27229|263871426
27229|336250703
27440|287354767
27440|287354768
27440|280171823
27440|287013932
27440|287363814
27440|747152243
27440|287354769
27440|287354772
27440|287354774
27440|287354775
27440|287354777
27440|287354779
27440|287330531
27440|287330533
27440|287354781
27440|287354782
27592|287964964
27592|287834329
27592|287834190
27592|287834140
27592|287833437
27592|287833386
27592|287833208
27592|287833128
27592|287832867
27592|287832667
27650|287363802
27650|280450797
27650|287976754
27650|1258837006
27940|287363802
27940|280171726
27940|287363834
27940|287363842
27940|288698709
27940|2896939493
27940|287330523
27940|288698718
27940|288698721
27940|288698723
27940|288698726
27940|288698728
27940|288698742
27940|288698733
27940|288698745
27940|337497333
27940|288698752
27940|762199239
28156|1902825443
28156|1091430648
28156|289078412
28156|289078715
28156|287363851
28156|289079178
28156|289079402
28156|288385353
28156|288385354
28156|289079636
28156|289079876
34760|287363810
34760|300896373
34760|300896809
34760|288698709
34760|2896939493
34760|287330523
34760|288698718
34760|288698721
34760|288698723
34760|288698726
34760|300898655
34760|300899081
34760|300899601
34760|300899782
34760|300900032
34760|300900156
34760|291331569
70282|288715956
70282|289160342
70282|1864400840
70282|774820035
70282|1864400801
70282|1864400834
70282|1864400839
70284|288715963
70284|2643732368
70290|1022706164
70290|1067360207
70290|1067360182
70290|1067360176
70290|1067360113
70290|449216107
70450|287330543
70450|1865778044
70450|1865777937
70450|1865777935
70450|336225189
70465|2640738479
70465|289917322
70465|799461466
70465|799461403
70465|799461440
70465|799461545
70465|799461506
70465|799461481
70465|799461426
70465|799461551
70465|799461437
70465|799461568
70465|799461540
70465|799461460
70465|799461476
70465|727811298
70465|728306174
70551|336305651
70551|336305652
70551|336305663
70551|336305668
70551|336305676
70551|336305683
70588|290182699
70588|290182702
70588|336334011
70588|336334004
70588|336334018
70588|336334027
70588|1583557114
70588|287948214
70588|287948212
70928|474361252
70928|387225601
70928|387225248
70928|387225263
70928|727285318
70928|727285353
70928|727285330
70928|727285343
70928|727285364
70928|727285317
70928|727285350
70928|727285337
70928|727285325
70928|442064196
70928|442064178
71021|766486727
71021|290182729
71021|290182726
71021|1069189966
71021|1069189945
71021|729739855
71021|729739852
71021|729739850
103312|287363755
103312|287363761
103312|287363769
103312|287363771
103312|287330528
103312|287330530
103312|288769788
103312|288769790
103312|336250702
103312|288385390
103312|287363798
103312|747152266
103312|287354771
103312|747152249
103312|287363815
103312|280171726
103312|287363834
103312|287363841
103312|287363849
103312|287363855
103312|287363861
103312|265614336
103312|265614355
103312|287363864
103312|287375033
103312|287375038
103312|287375039
103312|287375046
103312|287375048
103312|287375049
103312|287375051
103312|287375054
103312|712338683
103312|287375056
103370|287363802
103370|773222067
103370|773221999
103370|773221876
103370|773221847
103370|773221888
103370|767932252
103370|773221988
103370|773221994
103370|373103068
103370|373103071
103370|373103072
103370|290182699
103370|290182702
103370|336334011
103370|336334004
103370|336334018
103370|336334027
103370|1583557114
103370|287948214
103370|287948212
103370|1987641170
103370|1987654559
103717|336305651
103717|773928783
103717|288379447
103717|288379449
103717|288379450
103717|1988288670
103717|765890418
103717|27496017
103717|772485806
103717|20911104
103717|772485804
103717|772485821
103717|772485835
103717|772485791
103717|772485805
103717|747152249
103717|287363815
103717|280171726
103717|287363834
103717|287363841
103717|287363849
103717|287363855
103717|287832511
103717|287832785
103717|287832863
103717|287833130
103717|287833256
103717|287833404
103717|287834133
103717|287834145
103717|287834193
103717|287834315
103717|287964969
103724|442064178
103724|442064186
103724|727285356
103724|727285368
103724|727285344
103724|727285354
103724|727285335
103724|727285321
103724|727285362
103724|727285355
103724|727285339
103724|387225297
103724|387225175
103724|387225662
103724|288769808
103724|21413815
103724|728903866
103724|765293988
103724|765294009
103724|772620815
103724|772620818
103724|1253826944
103724|747169496
103724|747152266
103724|287354771
103724|542479643
103724|287363823
103724|1988369110
103724|772485802
103724|1987107289
103724|772485790
103724|1987107327
103724|288698715
103724|1987107282
103724|772485813
103724|2031511649
103724|2031511650
103724|1260655612
103724|772610773
103724|772610756
103724|772610764
103724|1575526515
103724|772610784
103724|760398947
103724|287845886
103724|1988890585
103724|737995212
103724|89461343
103724|772610791
103724|772610755
103724|772610772
103724|772610767
103724|772610783
103724|772610762
103724|772610776
103724|287844941
103724|287844898
103724|287844780
103724|287375038
103724|287375040
103724|287976721
103724|760340303
103724|1988217308
103724|772620812
411110|774492925
411110|774560552
411110|652453419
411110|774560555
411110|652453405
411110|774560541
411110|774560551
419444|2640848377
419444|288379451
419444|288379448
419444|288379445
419444|288379444
419444|288379442
419444|288379439
419444|288379437
419444|288379435
419444|288379423
419444|288379454
539251|2640848377
539251|288379451
539251|288379448
539251|288379445
539251|288379444
539251|288379442
539251|288379439
539251|288379437
539251|288379435
539251|288379423
539253|288379419
539253|288379422
539253|288379436
539253|288379438
539253|288379440
539253|288379441
539253|288379443
539253|288379447
539253|288379449
539253|288379450
539253|2640848377
545593|287363826
545593|287323360
545593|287323357
545593|287323345
545593|287323347
545593|287323353
545593|287323354
545593|332035501
545593|287948233
545593|290182719
545593|290182724
545593|1069189966
545593|1069189945
545593|729739855
545593|729739852
545593|729739850
545593|1069189793
907885|727811298
907885|727808994
907885|727808865
907885|727808120
907885|727807854
907885|727807486
907885|727806974
907885|727806237
907885|288769806
915346|1618984231
915346|288379422
915346|288379436
915346|288379438
915346|288379440
915346|288379443
915346|288379449
915346|288379450
915346|1988288670
915346|765890418
915346|2018522781
915346|1652609094
915346|1983068138
915346|287363829
935285|287354782
935285|287354783
935285|287330528
935285|287330530
935285|287354780
935285|287354778
935285|287354776
935285|287354773
935285|747152266
935285|287354771
935285|747152249
935285|287363815
935285|280171726
935285|287323332
935285|287354767
936506|287103041
936506|287323352
936506|287323346
936506|287323344
936506|287323342
936506|287323340
936506|287323338
936506|287323336
936506|287323334
936506|287323333
936506|287323331
936506|287363800
940032|263871426
940032|289917377
940032|2018522779
940032|289917648
940032|753021987
940032|753022001
940032|753021984
940032|753021998
940032|753021993
940032|753021981
940032|753021996
940032|753021976
940032|336232755
941409|287363800
941409|280171726
941409|287323332
941409|280450830
941409|287323335
941409|287323337
941409|287323339
941409|287323341
941409|287323343
941409|287323345
941409|287323347
941409|287323351
941409|287323353
941409|332035501
941409|287948233
941409|287948230
941409|333986858
941409|287948226
941409|287948224
941409|287948222
941409|287948219
941409|287948215
941409|287948212
941409|287948211
944735|287845967
944735|265182292
944735|265182289
944735|265182315
944735|265182318
944735|287845214
944735|287844898
944735|287844780
944735|287375037
944735|287976730
944735|287976723
944735|287844646
944735|287375040
944735|287976721
944735|287844381
944735|287843894
944735|287843775
944735|287976719
944735|287843613
944735|287363859
944735|287363854
944735|287363848
944735|287363846
944735|287363836
944735|287354768
944735|280171823
944735|287363810
945046|2641788752
945046|287363855
945046|287363861
945046|266332009
945046|287976720
945046|266333514
945046|287843892
945046|287844442
945046|287976722
945046|287375042
945046|287844648
945046|287976724
945046|287976725
945046|287375036
945046|287844753
945046|270204111
945046|287845017
945046|265182321
945046|265182313
945046|265182287
945046|277703374
945046|287845773
945046|287845967
948228|287363812
948228|280171726
948228|287363834
948228|287363841
948228|287363849
948228|287363855
948228|287832511
948228|287832785
948228|287832863
948228|287833130
948228|287833256
948228|287833404
948228|287834133
948228|287834145
948228|287834193
948228|287834315
948228|287964969
948232|287363812
948232|280171726
948232|287363834
948232|287363841
948232|287363849
948232|287363855
948232|287832511
948232|287832785
948232|287832863
948232|287833130
948232|287833256
948232|287833404
948232|287834133
948232|287834145
948232|287834193
948232|287834315
948232|287964969
948832|762199239
948832|288698754
948832|288698748
948832|288698747
948832|288698735
948832|288698743
948832|288698730
948832|288698727
948832|288698724
948832|288698722
948832|288698720
948832|287330520
948832|2896939492
948832|288698710
948832|287363844
948832|287363836
948832|287354768
948832|280171823
948832|287363802
951144|287330543
951144|287330541
951144|287330540
951144|287330538
951144|287330536
951144|287330534
951144|287330532
951144|287330526
951144|287330524
951144|287330521
951144|287330518
951144|287330514
951144|1621341020
956164|287948213
956164|287948217
956164|1583557115
956164|336334033
956164|336334022
956164|336334000
956164|336334015
956164|290182700
956164|290182699
956167|1491438544
956167|287948213
956167|287948217
956167|1583557115
956167|336334033
956167|336334022
956167|336334000
956167|336334015
956167|290182700
956167|290182699
956172|291331569
956172|300900166
956172|300900039
956172|300899787
956172|300899550
956172|300899099
956172|300898626
956172|288698727
956172|288698724
956172|288698722
956172|288698720
956172|287330520
956172|2896939492
956172|300897418
956172|300896917
956172|300896125
956172|280171742
956172|287363836
956172|288385383
956172|288385382
956172|288385378
956172|288385353
956172|288385354
956172|289079636
956172|289079876
959105|1902825443
959105|1260655612
959105|772610773
959105|1575526515
959105|772610784
959105|737995211
959105|1026593193
959105|270204571
959105|1676059399
959105|1804195990
961051|336305683
961051|336305678
961051|336305673
961051|336305666
961051|336305657
961051|336305653
961051|336305651
962057|263871426
962057|336250703
962057|1987495312
962057|754168328
962057|21140812
962057|772508338
962057|772508342
962057|772508335
962057|21413849
962057|772508341
962057|364340452
962057|772485799
962057|542479643
962057|287363823
962057|1988369110
962057|772485802
962057|1987107289
962057|772485790
962057|1987107327
962057|288698715
962057|1987107282
962057|772485813
962057|2031511649
962057|2031511650
962057|1260655612
962057|772610773
962057|2078703844
962057|2078703843
962919|224426955
962919|772629254
962919|86096406
962919|224426899
962919|772629261
962919|224426845
962919|27678736
962919|1939536728
962919|772629253
962919|1988243679
962919|764078280
962919|772620817
962919|772620809
962919|772620814
962919|772620820
962919|603981066
962919|772620821
962919|730535603
962919|288769794
962919|1988217308
962919|772620812
962919|765293988
962919|765294009
962919|772620815
962919|772620818
962919|1253826944
962919|747169496
962919|747152266
962919|287354771
962919|542479643
962919|287363823
962919|1988369110
962919|772485802
962919|1987107289
962919|772485790
962919|1987107327
962919|288698715
962919|1987107282
962919|772485813
962919|2031511649
962919|2031511650
962919|1260655612
962919|772610773
962919|772610756
962919|772610764
962919|772610797
962919|772610786
962919|772610769
962919|772610798
962919|1209128147
962919|772610778
962919|287026786
962919|772610765
962919|772610760
962919|772610753
962919|263294584
962919|772610766
963683|35668970
963683|35668985
963683|1989399524
963683|255890220
963683|263847743
963683|773531367
963683|773531356
963683|773531354
963683|773531352
963683|773531350
963683|773531368
963683|747169500
963683|747169481
963683|1251827221
963683|747860823
963683|1251827273
963683|747860822
963683|1251771047
963683|35213843
963683|35214364
963683|287013931
963683|287363820
963683|1988369110
963683|772485802
963683|330262907
963683|773221919
963683|968913041
963683|773222041
963683|27496473
963683|764078142
963683|773221891
963683|773222049
963683|773222019
963683|773221904
963683|1988725446
963683|288769781
963683|1988450222
963683|1988450227
963683|27485829
963683|707416601
963683|263494322
963683|732107615
963683|1988746235
963683|263494159
963722|263871426
963722|336250703
963722|1987495312
963722|754168328
963722|21140812
963722|772508338
963722|772508342
963722|772508335
963722|21413849
963722|772508341
963722|364340452
963722|772485799
963722|747152249
963722|287363815
963722|1987615143
963722|773221861
963722|1987615148
963722|773221896
963722|1988326852
963722|773222009
963722|35213275
963722|773221898
963722|1988330100
963722|773222073
963722|1987641170
963722|767932252
963722|1987654559
963722|773221988
963722|773221994
963722|373103068
963722|35131948
963722|35124994
963722|1987680330
963722|35124921
964232|287375056
964232|287375053
964232|287375052
964232|287375050
964232|287375047
964232|287375044
964232|287375043
964232|287375034
964232|287375031
964232|287363865
964232|265614356
964232|287363862
964232|287363859
964232|287363854
964232|287363848
964232|287363846
964232|287363836
964232|287354768
964232|280171823
964232|287013932
964232|287363814
964232|747152243
964232|287354769
964232|282464958
964232|287363787
964232|288769791
964232|288769789
964232|287330532
964232|287375057
964232|287354784
964232|287363780
964232|287363768
964232|287363755
964411|720866235
964411|773928686
964411|290182731
964411|765316643
964411|773531369
964411|773531364
964411|289079711
964411|773531367
964411|773531356
964411|773531354
964411|773531352
964411|773531350
964411|773531368
964411|747169500
964411|747169481
964411|1251827221
964411|747860823
964411|1251827273
964411|747860822
964411|773222009
964411|773221896
964411|773221861
964411|287013931
964411|287363820
964425|287948211
964425|287948213
964425|287948216
964425|287948220
964425|287948221
964425|287948223
964425|333986603
964425|287948228
964425|287948229
964425|287948231
964425|287323355
964425|287323352
964425|287323346
964425|287323344
964425|287323342
964425|287323340
964425|287323338
964425|287323336
964425|287323334
964425|287323333
964425|287323331
964425|287363800
964437|287964964
964437|287834329
964437|287834190
964437|287834140
964437|287833437
964437|287833386
964437|287833208
964437|287833128
964437|287832867
964437|287832667
964437|760340331
964437|287363859
964437|287363854
964437|287363848
964437|287363846
964437|287363836
964437|287354768
964437|280171823
964437|287013932
964437|287363814
964437|364340449
964437|772485788
964437|27496019
964437|772485797
964437|20911104
964437|772485792
964437|27496017
964437|772485800
964437|1988288673
964437|765890412
964437|288379451
964437|288379448
964437|288379445
964437|773928724
964437|336305651
964974|774492925
964974|288379454
964974|288379419
964974|288379422
964974|288379436
964974|288379438
964974|288379440
964974|288379441
964974|288379443
964974|288379447
964974|288379449
964974|288379450
964974|2640848377
964984|1618984231
964984|288379419
964984|288379422
964984|288379436
964984|288379438
964984|288379440
964984|288379441
964984|288379443
964984|288379447
964984|288379449
964984|288379450
964984|2640848377
965034|2640848377
965034|288379451
965034|288379448
965034|288379445
965034|288379444
965034|288379442
965034|288379439
965034|288379437
965034|288379435
965034|288379423
965043|288379419
965043|288379422
965043|288379436
965043|288379438
965043|288379440
965043|288379441
965043|288379443
965043|288379447
965043|288379449
965043|288379450
965043|2640848377
965067|1618984231
965067|652453406
965067|774560544
965067|774560554
965067|652453408
965067|774560550
965067|652453417
965067|774492925
965435|336232755
965435|1069189804
965435|1069189678
965435|1069189984
965435|1069189789
965435|1069189867
965435|960593972
965435|805670334
965435|336305668
965435|336305676
965435|336305683
965435|336305678
965435|336305673
965435|805661824
965435|288379447
965435|288379449
965435|288379450
965435|2640848376
965442|728306174
965442|799461498
965442|799461500
965442|799461430
965442|799461400
965442|799461395
965442|799461446
965442|799461535
965442|799461503
965442|799461471
965442|799461532
965442|799461495
965442|799461432
965442|799461455
965442|289917351
965442|2640738479
965492|336225189
965492|1865777916
965492|1251540799
965492|1865778039
965492|287330543
965494|2643692981
965494|289160345
965494|289160343
965494|288715955
965497|2643692981
965497|2684006559
965497|1793178209
965497|2684006605
965497|1864400707
965499|1864400707
965499|2684006608
965499|1793178209
965499|2684006563
965499|2643692976
965499|2684006555
965499|2154663479
965499|2684006547
965499|774820045
965501|287330543
965501|1793178190
965501|2684006609
965501|1793170908
965501|1793178209
965501|2684006563
965501|2643692976
965501|2684006555
965501|2154663479
965501|2684006547
965501|774820045
965503|1864400707
965503|2684006608
965503|1793178209
965503|2684006563
965503|2643692976
975869|1022706164
975869|1067360207
975869|1067360182
975869|1067360176
975869|1067360113
975869|449216107
975872|950636215
975872|1069189853
975872|1069189831
975872|705399521
975872|705399519
975872|290182727
975872|290182730
975872|766486727
975877|950636215
975877|1069189853
975877|1069189831
975877|1069189979
975877|705399517
975877|705399518
975877|705399521
975877|705399519
975877|290182727
975877|290182730
975877|766486727
975880|1067360077
975880|1067360137
975880|1067360100
975880|1067360174
975880|1067360189
975880|1022706164
975959|287330504
975959|772610757
975959|364719031
975959|364719040
975959|364719044
975959|1251189938
975959|795004378
975959|795004381
975959|1022706038
975959|1022706163
975959|1022706448
975959|1022706234
975959|1022706428
975959|1022706191
975959|1022706164
1016150|2643732365
1016150|2643732344
1016150|2643732367
1016150|741151222
1016150|1028147541
1016150|1028146576
1016150|2643732348
1016150|1020215189
1016150|288715963
1016154|288715963
1016154|288715956
1016154|288715953
1016154|288715951
1016154|288715948
1016154|280406464
1016154|288715945
1016154|1028146576
1016154|2643732368
1016156|2643732368
1016156|2643732346
1016156|2643732340
1016156|2643732342
1016156|2643732369
1016156|741150974
1016156|1020218487
1016156|1020218661
1016156|1020218565
1016156|740726455
1016156|740731001
1016156|1217713848
1016156|288715947
1016156|288715949
1016156|288715950
1016156|288715954
1016156|288715955
1016156|288715963
1016281|1026593231
1016281|2641851086
1016281|287964969
1016286|1027914456
1016286|720866192
1016286|1027914484
1016286|766486726
1016289|766486726
1016289|1027914407
1016289|720866183
1016289|1027914442
1016294|1027914456
1016294|720866192
1016294|1027914484
1016294|766486726
1016299|766486726
1016299|1027914407
1016299|720866183
1016299|1027914442
1226256|950636215
1226256|1069189853
1226256|1069189831
1226256|705399521
1226256|705399519
1226256|290182723
1226256|290182717
1226256|287948231
1226256|287323355
1226256|1115622254
1226256|287323352
1226256|287323346
1226256|287323344
1226256|1115622008
1226256|287323359
1226256|287323361
1226256|287323331
1226256|287363826
1324256|287363827
1324256|749847259
1324256|288385391
1324256|288769792
1324256|728903896
1324256|741158212
1324256|741158203
1324256|772629271
1324256|1041798739
1324256|749847272
1324256|1426016071
1324256|767381728
1324256|906718324
1383080|288379419
1383080|288379422
1383080|288379436
1383080|288379438
1383080|288379440
1383080|288379441
1383080|288379443
1383080|288379447
1383080|288379449
1383080|288379450
1383080|2640848377
1387794|290182711
1387794|287323345
1387794|287323353
1387794|287323354
1387794|332035501
1387803|950636215
1387803|1069189853
1387803|1069189831
1387803|705399521
1387803|705399519
1387803|1115622110
1387803|1115622001
1387803|1115622057
1387803|748145168
1387803|748145172
1387803|288385381
1387803|288385384
1387803|287363839
1387803|280171823
1387803|287363826
1387807|287363826
1387807|1115621934
1387807|288385383
1387807|288385382
1387807|748145170
1387807|748145163
1387807|1115622318
1387807|1115622346
1387807|1115622238
1387807|1069189966
1387807|1069189945
1387807|729739855
1387807|729739852
1387807|729739850
1387807|1069189793
1417135|288715940
1417137|288715940
1443166|336232755
1443292|287948213
1443292|336334022
1443292|336334015
1443292|290182697
1443292|373103070
1443292|747761871
1443292|734982960
1443292|734982961
1443292|287363830
1443292|280171742
1443292|1630393452
1443680|288379454
1443680|373103070
1443680|747761871
1443680|734982960
1443680|772485821
1443680|772485835
1443680|734982961
1443680|287363830
1443680|280171742
1443680|1630393446
1448459|910736339
1448459|772485808
1448459|734982955
1448459|734982953
1448459|1988288673
1448459|765890412
1448459|288379451
1448459|288379445
1448459|288379444
1448459|288379439
1448459|288379437
1448459|288379435
1448459|288379423
1519109|287363827
1519109|747152243
1519109|287354769
1519109|749847259
1519109|288385391
1519109|288769792
1519109|288769807
1519109|727805729
1519109|727808150
1519109|727808676
1519109|727809152
1519154|336232755
1528498|762199361
1528498|1630393476
1528498|288698732
1528498|288698742
1528498|288698745
1528498|288698751
1528498|1641590969
1528498|292476936
1528498|299284027
1540547|773928686
1540547|765316643
1540547|289079663
1540547|288385379
1540547|287363839
1540547|1630393452
1547985|287834329
1547985|287834140
1547985|287833437
1547985|287833386
1547985|287833208
1547985|287833128
1547985|287832867
1547985|287363859
1547985|287363854
1547985|287363848
1547985|287363846
1547985|2088371773
1552958|2435038353
1552958|1804195981
1552958|1804195969
1552958|1676059400
1552958|270204570
1552958|1260655611
1552958|772610785
1552958|287330516
1552958|1630393502
1658723|1630393448
1658723|1630393476
1658723|288698745
1666455|1770415061
1666455|1296561496
1666455|1812487281
1666455|1812487299
1666455|1812487097
1666455|788287748
1666455|288769808
1666455|288769793
1666455|288385390
1666455|749847264
1666455|287363830
1666455|280171742
1666455|1630393446
1666455|1630393466
1674964|287363829
1674964|772485808
1674964|27496019
1674964|772485797
1674964|772485829
1674964|737986235
1674964|373108517
1674964|774492925
1674964|336334011
1674964|336334018
1674964|287948214
1674964|287948212
1697512|287363829
1697512|772485808
1697512|27496019
1697512|772485797
1697512|772485829
1697512|737986235
1697512|373108517
1697512|774492925
1697512|336334011
1697512|336334018
1697512|287948214
1697512|287948212
1726641|765316672
1726641|300896373
1726641|287330514
1771440|1725651134
1771440|773928686
1771440|765316643
1771440|289079663
1771440|288385379
1771440|287363839
1771440|1630393452
1823587|1255801762
1823587|1708220120
1823587|2302938535
1823587|906718324
1823587|767381727
1823587|1426016075
1823587|772629246
1823587|1041797710
1823587|772629250
1823587|741158215
1823587|741158209
1823587|728903873
1823587|288769793
1823587|288385390
1823587|749847264
1823587|287363830
1989229|1902825464
1989229|289160323
1989229|289160326
1989229|288698732
1989229|288698742
1989229|288698733
1989229|288698745
1989229|288698751
1989229|285853067
1989229|289160332
1989229|289160336
1989229|1640803379
1989229|289160339
1989229|288715966
1989229|288715964
1989229|288715962
1989229|288715956
1989229|289160342
1989229|1864400840
1989229|289160435
2023394|1630393448
2023394|287330521
2023394|1630393476
2023394|288698732
2023394|288698742
2023394|288698745
2023394|288698751
2023394|285853067
2023394|289160332
2023394|702721510
2027889|1630393552
2027889|289160334
2027889|289160331
2027889|288698750
2027889|288698747
2027889|288698735
2027889|1168588079
2027889|1630393476
2027889|287330522
2027889|300896125
2027889|287363857
2027892|1630393448
2027892|287330521
2027892|1630393476
2027892|288698732
2027892|288698742
2027892|288698745
2027892|288698751
2027892|285853067
2027892|289160332
2027892|702721510
2032059|1636602291
2032059|1630393552
2032059|289160336
2032059|289160339
2032059|288715988
2032059|288769775
2032059|762199361
2032059|1630393476
2044759|762199361
2044759|1630393476
2044759|288698732
2044759|288698742
2044759|288698745
2044759|288698751
2044759|285853067
2044759|289160332
2044759|702721510
2044759|702721751
2044762|762199361
2044762|1630393476
2044762|288698732
2044762|288698742
2044762|288698745
2044762|288698751
2044762|285853067
2044762|289160332
2044762|702721510
2044762|702721751
2069460|331365624
2069460|289160331
2069460|288698750
2069460|288698747
2069460|288698743
2069460|1168588079
2069460|1630393476
2069460|762199361
2069466|331365624
2069466|292476936
2069466|289160331
2069466|288698750
2069466|288698747
2069466|288698743
2069466|1168588079
2069466|1630393476
2081248|762199361
2081248|1630393476
2081248|288698732
2081248|288698742
2081248|288698745
2081248|288698751
2081248|1641590969
2081248|292476936
2081248|299284027
2116299|1630393449
2116299|287330521
2116299|1630393476
2116299|288698732
2116299|288698742
2116299|288698745
2116299|288698751
2116299|285853067
2116299|289160332
2116299|702721510
2116299|702721751
2116301|287363857
2116301|1630393449
2116301|287330521
2116301|1630393476
2116301|288698732
2116301|288698742
2116301|288698745
2116301|288698751
2116301|285853067
2116301|289160332
2116301|702721510
2116301|702721751
2116303|1636602291
2116303|1630393552
2116303|289160334
2116303|289160331
2116303|288698750
2116303|288698747
2116303|288698743
2116303|1168588079
2116303|1630393476
2116303|287330522
2116303|300896125
2116303|287363857
2116305|1636602291
2116305|1630393552
2116305|289160334
2116305|289160331
2116305|288698750
2116305|288698747
2116305|288698743
2116305|1168588079
2116305|1630393476
2116305|287330522
2116305|1630393449
2123707|1630393502
2165466|1630393452
2165466|287363827
2165466|749847259
2165466|288385391
2165466|288769792
2165466|728903896
2165466|741158212
2165466|741158203
2165466|772629271
2165466|1041798739
2165466|749847272
2165466|1426016071
2165466|767381728
2165466|767381730
2165466|2302938533
2165466|1487738859
2165466|1487738866
2165540|1630393452
2165540|287363827
2165540|749847259
2165540|288385391
2165540|288769792
2165540|728903896
2165540|741158212
2165540|741158203
2165540|772629271
2165540|1041798739
2165540|749847272
2165540|1426016071
2165540|767381728
2165540|767381730
2165540|2302938533
2165540|1487738859
2165540|1487738866
2167374|1630393452
2167374|287363827
2167374|749847259
2167374|288385391
2167374|288769792
2167374|728903896
2167374|741158212
2167374|741158203
2167374|772629271
2167374|1041798739
2167374|749847272
2167374|1426016071
2167374|767381728
2167374|767381730
2167374|2302938533
2167374|1487738859
2167374|1487738866
2187506|1255801762
2187506|1708220120
2187506|2302938535
2187506|906718324
2187506|767381727
2187506|1426016075
2187506|772629246
2187506|1041797710
2187506|772629250
2187506|741158215
2187506|741158209
2187506|728903873
2187506|288769793
2187506|288385390
2187506|749847264
2187506|287363830
2187506|280171742
2187506|1630393452
2187510|1255801762
2187510|1708220120
2187510|2302938535
2187510|906718324
2187510|767381727
2187510|1426016075
2187510|772629246
2187510|1041797710
2187510|772629250
2187510|741158215
2187510|741158209
2187510|728903873
2187510|288769793
2187510|288385390
2187510|749847264
2187510|287363830
2187510|280171742
2187510|1630393452
2187512|1255801762
2187512|1708220120
2187512|2302938535
2187512|906718324
2187512|767381727
2187512|1426016075
2187512|772629246
2187512|1041797710
2187512|772629250
2187512|741158215
2187512|741158209
2187512|728903873
2187512|288769793
2187512|288385390
2187512|749847264
2187512|287363830
2187512|280171742
2187512|1630393452
2187520|1255801762
2187520|1708220120
2187520|2302938535
2187520|906718324
2187520|767381727
2187520|1426016075
2187520|772629246
2187520|1041797710
2187520|772629250
2187520|741158215
2187520|741158209
2187520|728903873
2187520|288769793
2187520|288385390
2187520|749847264
2187520|287363830
2187520|280171742
2187520|1630393452
2199255|1630393452
2199255|287363827
2199255|749847259
2199255|288385391
2199255|288769792
2199255|728903896
2199255|741158212
2199255|741158203
2199255|772629271
2199255|1041798739
2199255|749847272
2199255|1426016071
2199255|767381728
2199255|767381730
2199255|2302938533
2199255|1487738859
2199255|1487738866
2199257|1630393475
2199257|749847259
2199257|288385391
2199257|288769792
2199257|728903896
2199257|741158212
2199257|741158203
2199257|772629271
2199257|1041798739
2199257|749847272
2199257|1426016071
2199257|767381728
2199257|767381730
2199257|2302938533
2199257|1487738859
2199257|1487738866
2199259|287363827
2199259|749847259
2199259|288385391
2199259|288769792
2199259|728903896
2199259|741158212
2199259|741158203
2199259|772629271
2199259|1041798739
2199259|749847272
2199259|1426016071
2199259|767381728
2199259|767381730
2199259|2302938533
2199259|1487738859
2199259|1487738866
2199268|1255801762
2199268|1708220120
2199268|2302938535
2199268|906718324
2199268|767381727
2199268|1426016075
2199268|772629246
2199268|1041797710
2199268|772629250
2199268|741158215
2199268|741158209
2199268|728903873
2199268|288769793
2199268|288385390
2199268|749847264
2199268|287363830
2199268|280171742
2199268|1630393452
2199268|1630393475
2199275|1630393452
2199275|287363827
2199275|749847259
2199275|288385391
2199275|288769792
2199275|728903896
2199275|741158212
2199275|741158203
2199275|772629271
2199275|1041798739
2199275|749847272
2199275|1426016071
2199275|767381728
2199275|767381730
2199275|2302938533
2199275|1487738859
2199275|1487738866
2199280|1255801762
2199280|1708220120
2199280|2302938535
2199280|906718324
2199280|767381727
2199280|1426016075
2199280|772629246
2199280|1041797710
2199280|772629250
2199280|741158215
2199280|741158209
2199280|728903873
2199280|288769793
2199280|288385390
2199280|749847264
2199280|287363830
2199280|280171742
2199280|1630393452
2199282|1255801762
2199282|1708220120
2199282|2302938535
2199282|906718324
2199282|767381727
2199282|1426016075
2199282|772629246
2199282|1041797710
2199282|772629250
2199282|741158215
2199282|741158209
2199282|728903873
2199282|288769793
2199282|288385390
2199282|749847264
2199282|287363830
2199282|280171742
2199282|1630393452
2199285|1630393452
2199285|287363827
2199285|749847259
2199285|288385391
2199285|288769792
2199285|728903896
2199285|741158212
2199285|741158203
2199285|772629271
2199285|1041798739
2199285|749847272
2199285|767381730
2202437|1630393449
2202437|288698709
2202437|287330523
2202437|288698723
2202437|288698726
2202437|1022863304
2202437|288715989
2202437|288715964
2202437|288715962
2202437|288715956
2202437|288715953
2202437|288715951
2202437|288715948
2202437|280406464
2202437|288715945
2202437|288715943
2202437|1143942196
2202439|1630393449
2202439|288769787
2202439|1988725446
2202439|288769781
2202439|2639595988
2202439|288715989
2202439|288715964
2202439|288715962
2202439|288715956
2202439|288715953
2202439|288715951
2202439|288715948
2202439|280406464
2202439|288715945
2202439|288715943
2202439|1143942196
2202442|288715940
2202446|1768702438
2202446|288715944
2202446|288715946
2202446|288715947
2202446|288715949
2202446|288715950
2202446|288715954
2202446|288715955
2202446|288715963
2202446|288715965
2202446|288715988
2202446|1022863060
2202446|288698727
2202446|288698724
2202446|287330520
2202446|300897418
2202446|1630393449
2202448|288715940
2220592|442064178
2237553|1630393452
2237553|287363827
2237553|749847259
2237553|288385391
2237553|288769792
2237553|728903896
2237553|741158212
2237553|741158203
2237553|772629271
2237553|1041798739
2237553|749847272
2237553|1426016071
2237553|767381728
2237553|767381730
2237553|2302938533
2237553|1487738859
2237553|1487738866
2237555|1630393452
2237555|287363827
2237555|749847259
2237555|288385391
2237555|288769792
2237555|728903896
2237555|741158212
2237555|741158203
2237555|772629271
2237555|1041798739
2237555|749847272
2237555|1426016071
2237555|767381728
2237555|767381730
2237555|2302938533
2237555|1487738859
2237555|1487738866
2237557|287363827
2237557|749847259
2237557|288385391
2237557|288769792
2237557|728903896
2237557|741158212
2237557|741158203
2237557|772629271
2237557|1041798739
2237557|749847272
2237557|1426016071
2237557|767381728
2237557|767381730
2237557|2302938533
2237557|1487738859
2237557|1487738866
2237559|287363827
2237559|749847259
2237559|288385391
2237559|288769792
2237559|728903896
2237559|741158212
2237559|741158203
2237559|772629271
2237559|1041798739
2237559|749847272
2237559|1426016071
2237559|767381728
2237559|767381730
2237559|2302938533
2237559|1487738859
2237559|1487738866
2237562|1255801762
2237562|1708220120
2237562|2302938535
2237562|906718324
2237562|767381727
2237562|1426016075
2237562|772629246
2237562|1041797710
2237562|772629250
2237562|741158215
2237562|741158209
2237562|728903873
2237562|288769793
2237562|288385390
2237562|749847264
2237562|287363830
2237562|280171742
2237562|1630393452
2237565|1255801762
2237565|1708220120
2237565|2302938535
2237565|906718324
2237565|767381727
2237565|1426016075
2237565|772629246
2237565|1041797710
2237565|772629250
2237565|741158215
2237565|741158209
2237565|728903873
2237565|288769793
2237565|288385390
2237565|749847264
2237565|287363830
2237567|1255801762
2237567|1708220120
2237567|2302938535
2237567|906718324
2237567|767381727
2237567|1426016075
2237567|772629246
2237567|1041797710
2237567|772629250
2237567|741158215
2237567|741158209
2237567|728903873
2237567|288769793
2237567|288385390
2237567|749847264
2237567|287363830
2237567|280171742
2237567|1630393452
2237569|1255801762
2237569|1708220120
2237569|2302938535
2237569|906718324
2237569|767381727
2237569|1426016075
2237569|772629246
2237569|1041797710
2237569|772629250
2237569|741158215
2237569|741158209
2237569|728903873
2237569|288769793
2237569|288385390
2237569|749847264
2237569|287363830
2238371|1630393452
2238371|287363827
2238371|749847259
2238371|288385391
2238371|288769792
2238371|728903896
2238371|741158212
2238371|741158203
2238371|772629271
2238371|1041798739
2238371|749847272
2238371|1426016071
2238371|767381728
2238371|767381730
2238371|2302938533
2238371|1487738859
2238371|1487738866
2238373|1255801762
2238373|1708220120
2238373|2302938535
2238373|906718324
2238373|767381727
2238373|1426016075
2238373|772629246
2238373|1041797710
2238373|772629250
2238373|741158215
2238373|741158209
2238373|728903873
2238373|288769793
2238373|288385390
2238373|749847264
2238373|287363830
2238373|280171742
2238373|1630393452
2261302|1255801762
2261302|1708220120
2261302|2302938535
2261302|906718324
2261302|767381727
2261302|1426016075
2261302|772629246
2261302|1041797710
2261302|772629250
2261302|741158215
2261302|741158209
2261302|728903873
2261302|288769793
2261302|288385390
2261302|749847264
2261302|287363830
2261302|280171742
2261302|1630393446
2261309|1255801762
2261309|1708220120
2261309|2302938535
2261309|906718324
2261309|767381727
2261309|1426016075
2261309|772629246
2261309|1041797710
2261309|772629250
2261309|741158215
2261309|741158209
2261309|728903873
2261309|288769793
2261309|288385390
2261309|749847264
2261309|287363830
2261309|280171742
2261309|1630393446
2261311|287363827
2261311|749847259
2261311|288385391
2261311|288769792
2261311|728903896
2261311|741158212
2261311|741158203
2261311|772629271
2261311|1041798739
2261311|749847272
2261311|1426016071
2261311|767381728
2261311|906718324
2261311|2302938533
2261311|1487738859
2261311|1487738866
2270889|1770415061
2270889|1296561496
2270889|1812487281
2270889|1812487299
2270889|1812487097
2270889|788287748
2270889|288769808
2270889|288769793
2270889|288385390
2270889|749847264
2270889|287363830
2270889|280171742
2270889|1630393446
2270889|1630393475
2329251|1902825455
2379892|1630393552
2379892|289160334
2379892|289160331
2379892|288698750
2379892|288698747
2379892|288698735
2379892|1168588079
2379892|1630393476
2379892|287330522
2379892|1630393448
2379894|1630393448
2379894|287330521
2379894|1630393476
2379894|288698732
2379894|288698742
2379894|288698745
2379894|288698751
2379894|285853067
2379894|289160332
2379894|702721510
2380044|772629246
2380044|1041797710
2380044|772629250
2380044|741158215
2380044|741158209
2380044|728903873
2380044|288769793
2380044|288385390
2380044|749847264
2380044|287363830
2380044|280171742
2380044|1630393452
2380044|287363857
2437863|288715940
2446106|287363829
2446106|373108517
2446118|747761871
2446118|287363829
2446309|1630393446
2446309|287363827
2446309|749847259
2446309|288385391
2446309|288769792
2446309|288769807
2446309|788287752
2446309|1812487093
2446309|1812487304
2461822|1630393475
2461822|1630393446
2461822|772485808
2461822|772485829
2461822|373108517
2461822|373103071
2461822|373103072
2461822|774492925
2461822|288379454
2467775|1770415061
2467775|1296561496
2467775|1812487281
2467775|1812487299
2467775|1812487097
2467775|788287748
2467775|288769808
2467775|288769793
2467775|288385390
2467775|749847264
2467775|287363830
2467775|280171742
2467775|1630393446
2500908|1770415061
2500908|1296561496
2500908|1812487281
2500908|1812487299
2500908|1812487097
2500908|788287748
2500908|288769808
2500908|288769793
2500908|288385390
2500908|749847264
2500908|287363830
2500908|300896373
2500908|1902825443
2503364|1770415061
2503364|1296561496
2503364|1812487281
2503364|1812487299
2503364|1812487097
2503364|788287748
2503364|288769808
2503364|288769793
2503364|288385390
2503364|749847264
2503364|287363830
2503364|280171742
2503364|1630393446
2503368|1630393446
2503368|287363827
2503368|749847259
2503368|288385391
2503368|288769792
2503368|288769807
2503368|788287752
2503368|1812487093
2503368|1812487304
2503498|1770415061
2503498|1296561496
2503498|1812487281
2503498|1812487299
2503498|1812487097
2503498|788287748
2503498|288769808
2503498|288769793
2503498|288385390
2503498|749847264
2503498|287363830
2503498|280171742
2503498|1630393446
2503501|1630393446
2503501|287363827
2503501|749847259
2503501|288385391
2503501|288769792
2503501|288769807
2503501|788287752
2503501|1812487093
2503501|1812487304
2523951|727811298
2523951|727808865
2523951|727808120
2523951|727806237
2523951|288769808
2523951|288769793
2523951|288385390
2523951|749847264
2523951|287363830
2523951|280171742
2523951|1630393442
2523954|727811298
2523954|727808865
2523954|727808120
2523954|727806237
2523954|288769808
2523954|288769793
2523954|288385390
2523954|749847264
2523954|287363830
2523954|280171742
2523954|1630393442
2526688|772485808
2526688|753021987
2526688|753021984
2538544|1618984231
2538544|288379422
2538544|288379436
2538544|288379438
2538544|288379440
2538544|288379443
2538544|288379447
2538544|288379449
2538544|288379450
2538544|1988288670
2538544|765890418
2538544|2018522781
2538544|1652609094
2538544|1983068138
2538544|910736339
2538546|910736339
2538546|734982956
2538546|734982955
2538546|734982953
2538546|1988288673
2538546|765890412
2538546|288379451
2538546|288379448
2538546|288379445
2538546|288379444
2538546|288379439
2538546|288379437
2538546|288379435
2538546|288379423
2538548|1988288673
2538548|765890412
2538548|288379451
2538548|288379448
2538548|288379445
2538548|288379444
2538548|288379439
2538548|288379437
2538548|288379435
2538548|288379423
2541097|287948213
2541097|287948217
2541097|336334022
2541097|336334015
2541097|290182697
2541097|747761871
2541097|747761872
2541097|734982960
2541097|772485821
2541097|772485835
2541097|772485791
2541097|772485805
2541097|287363829
2541101|287363829
2541101|772485808
2541101|27496019
2541101|772485797
2541101|772485829
2541101|737986235
2541101|373108517
2541101|290182708
2541101|336334011
2541101|336334018
2541101|287948214
2541101|287948212
2541103|287363829
2541103|772485808
2541103|27496019
2541103|772485797
2541103|772485829
2541103|737986235
2541103|373108517
2541103|774492925
2541103|336334011
2541103|336334018
2541103|287948214
2541103|287948212
2541107|287948213
2541107|287948217
2541107|336334022
2541107|336334015
2541107|290182697
2541107|747761871
2541107|747761872
2541107|734982960
2541107|772485821
2541107|772485835
2541107|772485791
2541107|772485805
2541107|287363829
2541109|287948213
2541109|287948217
2541109|336334022
2541109|336334015
2541109|290182705
2541109|747761871
2541109|747761872
2541109|734982960
2541109|772485821
2541109|772485835
2541109|772485791
2541109|772485805
2541109|287363829
2579977|290182752
2579977|290182729
2579977|290182726
2579977|290182723
2579977|290182721
2579977|290182717
2579977|287948232
2579977|290182711
2579977|290182708
2579977|290182700
2579977|290182699
2579977|290182693
2579977|290182689
2579977|290182684
2579977|290182673
2579977|290182660
2579977|289918191
2579977|289918218
2579977|288379450
2579977|1988288670
2579977|765890418
2579977|2018522781
2579977|2018522782
2579977|2018522771
2579977|289917635
2579977|289917503
2579977|289917313
2579977|289917269
2579977|2018522774
2579977|224487120
2579977|772620810
2579977|288769796
2579977|474361252
2579977|387225601
2579977|387225248
2579977|387225263
2579977|727285318
2579977|727285353
2579977|727285330
2579977|727285343
2579977|727285364
2579977|727285317
2579977|727285350
2579977|727285337
2579977|727285325
2579977|442064196
2579977|442064178
2579979|290182699
2579979|290182693
2579979|290182689
2579979|290182684
2579979|290182673
2579979|290182660
2579979|289918191
2579979|289918218
2579979|288379450
2579979|1988288670
2579979|765890418
2579979|2018522781
2579979|2018522782
2579979|2018522771
2579979|289917635
2579979|289917503
2579979|289917313
2579979|289917269
2579979|2018522774
2579979|224487120
2579979|772620810
2579979|288769796
2579979|474361252
2579979|387225601
2579979|387225248
2579979|387225263
2579979|727285318
2579979|727285353
2579979|727285330
2579979|727285343
2579979|727285364
2579979|727285317
2579979|727285350
2579979|727285337
2579979|727285325
2579979|442064196
2579979|442064178
2579981|766486724
2579981|290182754
2579981|765316672
2579981|290182758
2579981|287833267
2579981|290182759
2579981|290182761
2579981|290182764
2579981|287375044
2579981|287375043
2579981|287375036
2579981|287844753
2579981|270204111
2579981|270203828
2579983|761126447
2579983|287833260
2579983|290182757
2579983|290182756
2579983|290182753
2579983|766486724
2581583|290182752
2581583|290182729
2581583|290182726
2581583|290182723
2581583|290182721
2581583|290182717
2581583|287948232
2581583|290182711
2581583|290182708
2581583|290182700
2581583|290182699
2581583|290182693
2581583|290182689
2581583|290182684
2581583|290182673
2581583|290182660
2581583|289918191
2581583|289918218
2581583|288379450
2581583|1988288670
2581583|765890418
2581583|2018522781
2581583|2018522782
2581583|2018522771
2581583|289917635
2581583|289917503
2581583|289917313
2581583|289917269
2581583|2018522774
2581583|224487120
2581583|772620810
2581583|288769796
2581583|288769808
2584361|287363829
2584361|734982958
2584361|734982955
2584361|734982953
2584361|1988288673
2584361|765890412
2584361|288379451
2584361|288379445
2584361|288379444
2584361|288379439
2584361|288379437
2584361|288379435
2584361|288379423
2584363|287363829
2584363|734982958
2584363|734982955
2584363|734982953
2584363|1988288673
2584363|765890412
2584363|288379451
2584363|288379448
2584363|288379445
2584363|288379444
2584363|288379439
2584363|288379437
2584363|288379435
2584363|288379423
2584366|287363829
2584366|734982958
2584366|734982955
2584366|734982953
2584366|1988288673
2584366|765890412
2584366|288379451
2584366|288379448
2584366|288379445
2584366|288379444
2584366|288379439
2584366|288379437
2584366|288379435
2584366|288379423
2584368|287363829
2584368|734982958
2584368|734982955
2584368|734982953
2584368|1988288673
2584368|765890412
2584368|288379451
2584368|288379448
2584368|288379445
2584368|288379444
2584368|288379439
2584368|288379437
2584368|288379435
2584368|288379423
2584371|1618984231
2584371|288379422
2584371|288379436
2584371|288379438
2584371|288379440
2584371|288379443
2584371|288379449
2584371|288379450
2584371|1988288670
2584371|765890418
2584371|2018522781
2584371|1652609094
2584371|1983068138
2584371|287363829
2584374|1618984231
2584374|288379422
2584374|288379436
2584374|288379438
2584374|288379440
2584374|288379443
2584374|288379450
2584374|1988288670
2584374|765890418
2584374|2018522781
2584374|1652609094
2584374|1983068138
2584374|287363829
2584376|1618984231
2584376|288379422
2584376|288379436
2584376|288379438
2584376|288379440
2584376|288379443
2584376|288379450
2584376|1988288670
2584376|765890418
2584376|2018522781
2584376|1652609094
2584376|1983068138
2584376|287363829
2584382|1618984231
2584382|288379422
2584382|288379436
2584382|288379438
2584382|288379440
2584382|288379443
2584382|288379449
2584382|288379450
2584382|1988288670
2584382|765890418
2584382|2018522781
2584382|1652609094
2584382|1983068138
2584382|287363829
2584384|1618984231
2584384|288379422
2584384|288379436
2584384|288379438
2584384|288379440
2584384|288379443
2584384|288379449
2584384|288379450
2584384|1988288670
2584384|765890418
2584384|2018522781
2584384|1652609094
2584384|1983068138
2584384|287363829
2584386|1618984231
2584386|288379422
2584386|288379436
2584386|288379438
2584386|288379440
2584386|288379443
2584386|288379449
2584386|288379450
2584386|1988288670
2584386|765890418
2584386|2018522781
2584386|1652609094
2584386|1983068138
2584386|287363829
2584396|1618984231
2584396|288379422
2584396|288379436
2584396|288379438
2584396|288379440
2584396|288379443
2584396|288379449
2584396|288379450
2584396|1988288670
2584396|765890418
2584396|2018522781
2584396|1652609094
2584396|1983068138
2584396|287363829
2587531|287948213
2587531|287948217
2587531|336334022
2587531|336334015
2587531|290182697
2587531|747761871
2587531|747761872
2587531|734982960
2587531|772485821
2587531|772485835
2587531|772485791
2587531|772485805
2587531|287363829
2587535|287363829
2587535|772485808
2587535|27496019
2587535|772485797
2587535|772485829
2587535|737986235
2587535|373108517
2587535|774492925
2587535|336334011
2587535|336334018
2587535|287948214
2587535|287948212
2590998|263871426
2590998|289917377
2590998|1987495312
2590998|754168328
2590998|2027975407
2590998|2027975405
2590998|21413849
2590998|772508341
2590998|747152266
2590998|287354771
2642598|1630393446
2642598|287363827
2642598|749847259
2642598|288385391
2642598|288769792
2642598|288769807
2642598|788287752
2642598|1812487093
2642598|1812487304
2642602|1770415061
2642602|1296561496
2642602|1812487281
2642602|1812487299
2642602|1812487097
2642602|788287748
2642602|288769808
2642602|288769793
2642602|288385390
2642602|749847264
2642602|287363830
2642602|280171742
2642602|1630393446
2642602|287363857
2648384|1770415061
2648384|1296561496
2648384|1812487281
2648384|1812487299
2648384|1812487097
2648384|788287748
2648384|288769808
2648384|288769793
2648384|288385390
2648384|749847264
2648384|287363830
2648384|280171742
2648384|1630393446
2648384|1630393475
2648388|1770415061
2648388|1296561496
2648388|1812487281
2648388|1812487299
2648388|1812487097
2648388|788287748
2648388|288769808
2648388|288769793
2648388|288385390
2648388|749847264
2648388|287363830
2648388|280171742
2648388|1630393446
2648391|1630393446
2648391|287363827
2648391|749847259
2648391|288385391
2648391|288769792
2648391|288769807
2648391|788287752
2648391|1812487093
2648391|1812487304
2648396|1630393446
2648396|287363827
2648396|749847259
2648396|288385391
2648396|288769792
2648396|288769807
2648396|788287752
2648396|1812487093
2648396|1812487304
2648400|287363857
2648400|1630393446
2648405|1630393475
2648405|300896125
2648405|287363827
2648405|749847259
2648405|288385391
2648405|288769792
2648405|288769807
2648405|788287752
2648405|1812487093
2648405|1812487304
2648412|1770415061
2648412|1296561496
2648412|1812487281
2648412|1812487299
2648412|1812487097
2648412|788287748
2648412|288769808
2648412|288769793
2648412|288385390
2648412|749847264
2648412|287363830
2648412|280171742
2648412|1630393446
2649674|288379454
2649674|373103070
2649674|747761871
2649674|734982960
2649674|772485821
2649674|772485835
2649674|734982961
2649674|287363830
2649674|280171742
2649674|1630393446
2649674|1630393475
2649676|1630393446
2649676|772485808
2649676|27496019
2649676|772485797
2649676|772485829
2649676|373108517
2649676|373103071
2649676|373103072
2649676|288379454
2649681|373103070
2649681|747761871
2649681|734982960
2649681|734982961
2649681|287363830
2649681|280171742
2649681|1630393446
2649681|1630393475
2649681|287363857
2655327|288769808
2655327|749847264
2655327|287363830
2655327|772485808
2655516|288379454
2655518|288379454
2660836|1630393452
2660836|772485808
2660836|772485829
2660836|737986235
2660836|373108517
2660836|373103071
2660836|373103072
2660836|774492925
2660836|336334011
2660836|336334018
2660836|287948212
2660838|287363857
2660838|1630393452
2660838|772485808
2660838|772485829
2660838|737986235
2660838|373108517
2660838|373103071
2660838|373103072
2660838|774492925
2660838|336334011
2660838|336334018
2660838|287948212
2660848|287948213
2660848|336334022
2660848|336334015
2660848|290182705
2660848|747761871
2660848|734982960
2660848|734982961
2660848|287363830
2660848|280171742
2660848|1630393452
2660850|2083038837
2660850|336334022
2660850|336334015
2660850|290182705
2660850|747761871
2660850|734982960
2660850|734982961
2660850|287363830
2660850|280171742
2660850|1630393452
2660850|287363857
2660852|287948213
2660852|336334022
2660852|336334015
2660852|290182705
2660852|747761871
2660852|734982960
2660852|734982961
2660852|287363830
2660852|280171742
2660852|1630393452
2660852|1903813919
2663700|288379419
2663700|288379422
2663700|288379436
2663700|288379438
2663700|288379440
2663700|288379443
2663700|288379447
2663700|288379450
2663700|1988288670
2663700|765890418
2663700|2018522781
2663700|1652609094
2663700|1983068138
2663700|910736339
2663702|288379419
2663702|288379422
2663702|288379436
2663702|288379438
2663702|288379440
2663702|288379443
2663702|288379447
2663702|288379450
2663702|1988288670
2663702|765890418
2663702|2018522781
2663702|1652609094
2663702|1983068138
2663702|910736339
2663704|910736339
2663704|772485808
2663704|734982955
2663704|734982953
2663704|1988288673
2663704|765890412
2663704|288379451
2663704|288379445
2663704|288379444
2663704|288379439
2663704|288379437
2663704|288379435
2663704|288379423
2663706|910736339
2663706|772485808
2663706|734982955
2663706|734982953
2663706|1988288673
2663706|765890412
2663706|288379451
2663706|288379445
2663706|288379444
2663706|288379439
2663706|288379437
2663706|288379435
2663706|288379423
2663708|910736339
2663708|772485808
2663708|734982955
2663708|734982953
2663708|1988288673
2663708|765890412
2663708|288379451
2663708|288379445
2663708|288379444
2663708|288379439
2663708|288379437
2663708|288379435
2663708|288379423
2663710|910736339
2663710|772485808
2663710|734982955
2663710|734982953
2663710|1988288673
2663710|765890412
2663710|288379451
2663710|288379445
2663710|288379444
2663710|288379439
2663710|288379437
2663710|288379435
2663710|288379423
2663712|288379419
2663712|288379422
2663712|288379436
2663712|288379438
2663712|288379440
2663712|288379443
2663712|288379447
2663712|288379450
2663712|1988288670
2663712|765890418
2663712|2018522781
2663712|1652609094
2663712|1983068138
2663712|910736339
2663714|288379419
2663714|288379422
2663714|288379436
2663714|288379438
2663714|288379440
2663714|288379443
2663714|288379447
2663714|288379450
2663714|1988288670
2663714|765890418
2663714|2018522781
2663714|1652609094
2663714|1983068138
2663714|910736339
2663718|288379419
2663718|288379422
2663718|288379436
2663718|288379438
2663718|288379440
2663718|288379443
2663718|288379447
2663718|288379450
2663718|1988288670
2663718|765890418
2663718|2018522781
2663718|1652609094
2663718|1983068138
2663718|910736339
2667874|287948213
2667874|287948217
2667874|336334022
2667874|336334015
2667874|290182705
2667874|747761871
2667874|747761872
2667874|734982960
2667874|772485821
2667874|772485835
2667874|772485791
2667874|772485805
2667874|287363829
2667876|287948213
2667876|287948217
2667876|336334022
2667876|336334015
2667876|290182697
2667876|747761871
2667876|747761872
2667876|734982960
2667876|772485821
2667876|772485835
2667876|772485791
2667876|772485805
2667876|287363829
2667878|287363829
2667878|772485808
2667878|27496019
2667878|772485797
2667878|772485829
2667878|737986235
2667878|373108517
2667878|290182708
2667878|336334011
2667878|336334018
2667878|287948214
2667878|287948212
2667881|287948213
2667881|287948217
2667881|336334022
2667881|336334015
2667881|290182697
2667881|747761871
2667881|747761872
2667881|734982960
2667881|772485821
2667881|772485835
2667881|772485791
2667881|772485805
2667881|287363829
2669079|287948213
2669079|336334022
2669079|290182705
2669079|747761871
2669079|734982960
2669079|734982961
2669079|2088371774
2669867|287948213
2669867|336334022
2669867|290182705
2669867|747761871
2669867|734982960
2669867|734982961
2669867|2088371774
2679266|1630393452
2679266|772485808
2679266|772485829
2679266|737986235
2679266|373108517
2679266|373103071
2679266|373103072
2679266|774492925
2679266|336334011
2679266|336334018
2679266|287948212
2679268|1630393452
2679271|287948213
2679271|336334022
2679271|336334015
2679271|290182697
2679271|373103070
2679271|747761871
2679271|734982960
2679271|734982961
2679271|287363830
2679271|280171742
2679271|1630393452
2680910|287948213
2680910|336334022
2680910|336334015
2680910|290182697
2680910|373103070
2680910|747761871
2680910|734982960
2680910|734982961
2680910|287363830
2680910|280171742
2680910|1630393452
2680915|1630393452
2680915|772485808
2680915|772485829
2680915|737986235
2680915|373108517
2680915|373103071
2680915|373103072
2680915|774492925
2680915|336334011
2680915|336334018
2680915|287948212
2680917|287363857
2680917|1630393452
2680917|772485808
2680917|772485829
2680917|737986235
2680917|373108517
2680917|373103071
2680917|373103072
2680917|774492925
2680917|336334011
2680917|336334018
2680917|287948212
2680921|1630393452
3074631|287363829
3074631|772485808
3074631|27496019
3074631|772485797
3074631|772485829
3074631|737986235
3074631|373108517
3074631|290182708
3074631|336334011
3074631|336334018
3074631|287948214
3074631|287948212
3074633|287948213
3074633|287948217
3074633|336334022
3074633|336334015
3074633|290182705
3074633|747761871
3074633|747761872
3074633|734982960
3074633|772485821
3074633|772485835
3074633|772485791
3074633|772485805
3074633|287363829
3074641|1770415061
3074641|1296561496
3074641|1812487281
3074641|1812487299
3074641|1812487097
3074641|788287748
3074641|288769808
3074641|288769793
3074641|288385390
3074641|749847264
3074641|287363830
3074641|280171742
3074641|1630393446
3074641|287363857
3074794|1630393475
3074794|1630393446
3074794|772485808
3074794|27496019
3074794|772485797
3074794|772485829
3074794|373108517
3074794|373103071
3074794|373103072
3074794|288379454
3081139|1804195981
3081139|1804195969
3081139|1676059400
3081139|270204570
3081139|1260655611
3081139|772610785
3081139|1902825443
3081139|1630393502
3090262|1903813919
3090262|1115621934
3090262|288385378
3090262|760652697
3090262|738867382
3090262|773928743
3090262|637684827
3091780|287363857
3091780|1903813919
3091780|1115621934
3091780|288385378
3091780|760652697
3091780|738867382
3091780|773928743
3091780|637684827
3091782|1115621934
3091782|288385378
3091782|760652697
3091782|738867382
3091782|773928743
3091782|637684827
3091784|1903813919
3091784|1115621934
3091784|288385378
3091784|760652697
3091784|738867382
3091784|773928743
3091784|637684827
3091787|1903813919
3091787|1115621934
3091787|288385378
3091787|760652697
3091787|738867382
3091787|773928743
3091787|637684827
3095287|1725651134
3095287|773928686
3095287|765316643
3095287|289079663
3095287|288385379
3095287|2088371774
3095289|1725651134
3095289|773928686
3095289|765316643
3095289|289079663
3095289|288385379
3095289|2088371774
3095302|1725651134
3095302|773928686
3095302|765316643
3095302|289079663
3095302|288385379
3095302|1115621934
3095304|1725651134
3095304|773928686
3095304|765316643
3095304|289079663
3095304|288385379
3095304|1115621934
3095309|1725651134
3095309|773928686
3095309|765316643
3095309|289079663
3095309|288385379
3095309|287363839
3095309|1630393446
3095311|1725651134
3095311|773928686
3095311|765316643
3095311|289079663
3095311|288385379
3095311|1115621934
3097153|2088371774
3097153|288385378
3097153|760652697
3097153|738867382
3097153|637684827
3097160|1725651134
3097160|765316643
3097160|289079663
3097160|288385379
3097160|2088371774
3099300|1725651134
3099300|765316643
3099300|289079663
3099300|288385379
3099300|2088371774
3099302|2088371774
3099302|288385378
3099302|760652697
3099302|738867382
3099302|637684827
3099304|2088371774
3099304|288385378
3099304|760652697
3099304|738867382
3099304|637684827
3099306|2088371774
3099306|288385378
3099306|760652697
3099306|738867382
3099306|637684827
3099308|2088371774
3099308|288385378
3099308|760652697
3099308|738867382
3099308|637684827
3099310|1725651134
3099310|765316643
3099310|289079663
3099310|288385379
3099310|2088371774
3099312|1725651134
3099312|765316643
3099312|289079663
3099312|288385379
3099312|2088371774
3099314|1725651134
3099314|765316643
3099314|289079663
3099314|288385379
3099314|2088371774
3100003|1725651134
3100003|773928686
3100003|765316643
3100003|289079663
3100003|288385379
3100003|287363839
3100003|287363826
3100006|1115621934
3100006|288385378
3100006|760652697
3100006|738867382
3100006|773928743
3100006|637684827
3100008|1115621934
3100008|288385378
3100008|760652697
3100008|738867382
3100008|773928743
3100008|637684827
3100010|1903813919
3100010|1630393452
3100010|287363826
3100010|1115621934
3100010|288385378
3100010|760652697
3100010|738867382
3100010|773928743
3100010|637684827
3100012|287363826
3100012|1115621934
3100012|288385378
3100012|760652697
3100012|738867382
3100012|773928743
3100012|637684827
3100016|287363826
3100016|1115621934
3100016|288385378
3100016|760652697
3100016|738867382
3100016|773928743
3100016|637684827
3100018|287363826
3100018|1115621934
3100018|288385378
3100018|760652697
3100018|738867382
3100018|773928743
3100018|637684827
3100020|1725651134
3100020|773928686
3100020|765316643
3100020|289079663
3100020|288385379
3100020|287363839
3100020|1630393452
3100022|1725651134
3100022|773928686
3100022|765316643
3100022|289079663
3100022|288385379
3100022|287363839
3100024|1725651134
3100024|773928686
3100024|765316643
3100024|289079663
3100024|288385379
3100024|287363839
3100024|287363826
3100026|1725651134
3100026|773928686
3100026|765316643
3100026|289079663
3100026|288385379
3100026|287363839
3100026|287363826
3100028|1725651134
3100028|773928686
3100028|765316643
3100028|289079663
3100028|288385379
3100028|287363839
3100028|287363826
3100030|1725651134
3100030|773928686
3100030|765316643
3100030|289079663
3100030|288385379
3100030|287363839
3100030|287363826
3102686|1725651134
3102686|773928686
3102686|765316643
3102686|289079663
3102686|288385379
3102686|287363839
3102686|287363826
3102688|287363826
3102688|1115621934
3102688|288385378
3102688|760652697
3102688|738867382
3102688|773928743
3102688|637684827
3106392|1725651134
3106392|773928686
3106392|765316643
3106392|289079663
3106392|288385379
3106392|287363839
3106392|1630393452
3106392|287363857
3106394|1630393452
3106394|1115621934
3106394|288385378
3106394|760652697
3106394|738867382
3106394|773928743
3106394|637684827
3106396|1630393452
3106396|1115621934
3106396|288385378
3106396|760652697
3106396|738867382
3106396|773928743
3106396|637684827
3106398|1903813919
3106400|1725651134
3106400|773928686
3106400|765316643
3106400|289079663
3106400|288385379
3106400|287363839
3106400|1630393452
3106403|1725651134
3106403|773928686
3106403|765316643
3106403|289079663
3106403|288385379
3106403|287363839
3106403|1630393452
3106406|1725651134
3106406|773928686
3106406|765316643
3106406|289079663
3106406|288385379
3106406|287363839
3106406|1630393452
3114522|1630393452
3114522|2088371771
3114522|287363841
3114522|287363849
3114522|20832630
3114522|287832511
3114522|287832863
3114522|287833256
3114522|287833404
3114522|287834133
3114522|287834193
3114522|287834315
3114524|1630393452
3114524|2088371771
3114524|287363841
3114524|287363849
3114524|20832630
3114524|287832511
3114524|287832863
3114524|287833256
3114524|287833404
3114524|287834133
3114524|287834193
3114524|287834315
3114526|2088371771
3114526|287363841
3114526|287363849
3114526|20832630
3114526|287832511
3114526|287832863
3114526|287833256
3114526|287833404
3114526|287834133
3114526|287834193
3114526|287834315
3114532|287834329
3114532|287834190
3114532|287833437
3114532|287833386
3114532|287833208
3114532|287832867
3114532|287363859
3114532|287363854
3114532|287363848
3114532|287363846
3114532|2088371771
3114534|287834329
3114534|287834190
3114534|287833437
3114534|287833386
3114534|287833208
3114534|287832867
3114534|287363859
3114534|287363854
3114534|287363848
3114534|287363846
3114534|2088371771
3124268|287964964
3124268|287834329
3124268|287834140
3124268|287833437
3124268|287833386
3124268|287833208
3124268|287833128
3124268|287832867
3124268|287363859
3124268|287363854
3124268|287363848
3124268|287363846
3124268|2088371775
3124274|2088371775
3124274|287363841
3124274|287363849
3124274|20832630
3124274|287832511
3124274|287832863
3124274|287833130
3124274|287833256
3124274|287833404
3124274|287834133
3124274|287834145
3124274|287834315
3124274|287964969
3124276|2088371775
3124276|287363841
3124276|287363849
3124276|20832630
3124276|287832511
3124276|287832863
3124276|287833130
3124276|287833256
3124276|287833404
3124276|287834133
3124276|287834145
3124276|287834315
3124276|287964969
3124278|2088371775
3124278|287363841
3124278|287363849
3124278|20832630
3124278|287832511
3124278|287832863
3124278|287833130
3124278|287833256
3124278|287833404
3124278|287834133
3124278|287834145
3124278|287834315
3124278|287964969
3124280|2088371775
3124280|287363841
3124280|287363849
3124280|20832630
3124280|287832511
3124280|287832863
3124280|287833130
3124280|287833256
3124280|287833404
3124280|287834133
3124280|287834145
3124280|287834315
3124280|287964969
3124291|287964964
3124291|287834329
3124291|287834140
3124291|287833437
3124291|287833386
3124291|287833208
3124291|287833128
3124291|287832867
3124291|287363859
3124291|287363854
3124291|287363848
3124291|287363846
3124291|2088371775
3124295|287964964
3124295|287834329
3124295|287834140
3124295|287833437
3124295|287833386
3124295|287833208
3124295|287833128
3124295|287832867
3124295|287363859
3124295|287363854
3124295|287363848
3124295|287363846
3124295|2088371775
3124297|287964964
3124297|287834329
3124297|287834140
3124297|287833437
3124297|287833386
3124297|287833208
3124297|287833128
3124297|287832867
3124297|287363859
3124297|287363854
3124297|287363848
3124297|287363846
3124297|2088371775
3135969|2088371772
3135969|287363841
3135969|1902825443
3135969|20832630
3135969|287832511
3135969|287832863
3135969|287833130
3135969|287833256
3135969|287833404
3135969|287834133
3135969|287834145
3135969|287834315
3135971|2088371772
3135971|287363841
3135971|287363849
3135971|20832630
3135971|287832511
3135971|287832863
3135971|287833130
3135971|287833256
3135971|287833404
3135971|287834133
3135971|287834145
3135971|287834315
3135973|2088371772
3135973|287363841
3135973|287363849
3135973|20832630
3135973|287832511
3135973|287832863
3135973|287833130
3135973|287833256
3135973|287833404
3135973|287834133
3135973|287834145
3135973|287834315
3135975|1902825443
3135975|2088371772
3135975|287363841
3135975|287363849
3135975|20832630
3135975|287832511
3135975|287832863
3135975|287833130
3135975|287833256
3135975|287833404
3135975|287834133
3135975|287834145
3135975|287834315
3135977|287834329
3135977|287834140
3135977|287833437
3135977|287833386
3135977|287833208
3135977|287833128
3135977|287832867
3135977|287363859
3135977|287363854
3135977|1902825443
3135977|2088371772
3135980|287834329
3135980|287834140
3135980|287833437
3135980|287833386
3135980|287833208
3135980|287833128
3135980|287832867
3135980|287363859
3135980|287363854
3135980|287363848
3135980|287363846
3135980|2088371772
3135980|1902825443
3167755|1804195981
3167755|1804195969
3167755|1676059400
3167755|270204570
3167755|1026592859
3167755|2639581389
3167755|270613005
3167755|1342342889
3167755|1260655611
3167755|772610785
3167755|1902825443
3167757|1804195981
3167757|1804195969
3167757|1676059400
3167757|270204570
3167757|1026592859
3167757|2639581389
3167757|270613005
3167757|1342342889
3167757|1260655611
3167757|772610785
3167757|1902825443
3167761|1902825443
3167761|1260655612
3167761|772610773
3167761|1575526515
3167761|772610784
3167761|737995211
3167761|1026593193
3167761|270204571
3167761|1676059399
3167761|1804195990
3167763|1902825443
3167763|1260655612
3167763|772610773
3167763|1575526515
3167763|772610784
3167763|737995211
3167763|1026593193
3167763|270204571
3167763|1676059399
3167763|1804195990
3167765|1902825443
3167765|1260655612
3167765|772610773
3167765|1575526515
3167765|772610784
3167765|737995211
3167765|1026593193
3167765|270204571
3167765|1676059399
3167765|1804195990
3167767|1902825443
3167767|1260655612
3167767|772610773
3167767|1575526515
3167767|772610784
3167767|737995211
3167767|1026593193
3167767|270204571
3167767|1676059399
3167767|1804195990
3167769|1902825443
3167769|1260655612
3167769|772610773
3167769|1575526515
3167769|772610784
3167769|737995211
3167769|1026593193
3167769|270204571
3167769|1676059399
3167769|1804195990
3167771|1902825443
3167771|1260655612
3167771|772610773
3167771|1575526515
3167771|772610784
3167771|737995211
3167771|1026593193
3167771|270204571
3167771|1676059399
3167771|1804195990
3167786|1804195981
3167786|1804195969
3167786|1676059400
3167786|270204570
3167786|1026592859
3167786|2639581389
3167786|270613005
3167786|1342342889
3167786|1260655611
3167786|772610785
3167786|1902825443
3167796|1804195981
3167796|1804195969
3167796|1676059400
3167796|270204570
3167796|1026592859
3167796|2639581389
3167796|270613005
3167796|1342342889
3167796|1260655611
3167796|772610785
3167796|1902825443
3167798|1804195981
3167798|1804195969
3167798|1676059400
3167798|270204570
3167798|1026592859
3167798|2639581389
3167798|270613005
3167798|1342342889
3167798|1260655611
3167798|772610785
3167798|1902825443
3167941|1770415061
3167941|1296561496
3167941|1812487281
3167941|1812487299
3167941|1812487097
3167941|788287748
3167941|288769808
3167941|288769793
3167941|288385390
3167941|749847264
3167941|287363830
3167941|280171742
3167941|1630393446
3167941|1630393466
3167945|1630393475
3167945|300896125
3167945|287363827
3167945|747152243
3167945|287354769
3167945|749847259
3167945|288385391
3167945|288769792
3167945|288769807
3167945|788287752
3167945|1812487093
3167945|1812487304
3169532|1630393502
3169532|1902825443
3169532|1260655612
3169532|772610773
3169532|270204571
3169532|1676059399
3169532|1804195990
3169535|270204571
3169535|1676059399
3169535|1804195990
3169537|1804195981
3169537|1804195969
3169537|1676059400
3169537|270204570
3169537|1260655611
3169537|772610785
3169537|287330516
3169537|1630393502
3169539|1804195981
3169539|1804195969
3169539|1676059400
3169539|270204570
3181103|1630393452
3181103|20832630
3181103|287833256
3181103|287834315
3181105|287363854
3181105|1630393446
3181105|1902825443
3183093|1630393476
3186946|2088371773
3186946|287363841
3186946|287363849
3186946|20832630
3186946|287832511
3186946|287832863
3186946|287833130
3186946|287833256
3186946|287833404
3186946|287834133
3186946|287834145
3186946|287834315
3186949|2088371773
3186949|287363841
3186949|287363849
3186949|20832630
3186949|287832511
3186949|287832863
3186949|287833130
3186949|287833256
3186949|287833404
3186949|287834133
3186949|287834145
3186949|287834315
3186951|2088371773
3186951|287363841
3186951|287363849
3186951|20832630
3186951|287832511
3186951|287832863
3186951|287833130
3186951|287833256
3186951|287833404
3186951|287834133
3186951|287834145
3186951|287834315
3186953|2088371773
3186953|287363841
3186953|287363849
3186953|20832630
3186953|287832511
3186953|287832863
3186953|287833130
3186953|287833256
3186953|287833404
3186953|287834133
3186953|287834145
3186953|287834315
3186956|2088371773
3186956|287363841
3186956|287363849
3186956|20832630
3186956|287832511
3186956|287832863
3186956|287833130
3186956|287833256
3186956|287833404
3186956|287834133
3186956|287834145
3186956|287834315
3186958|1902825443
3186958|2088371773
3186958|287363841
3186958|287363849
3186958|20832630
3186958|287832511
3186958|287832863
3186958|287833130
3186958|287833256
3186958|287833404
3186958|287834133
3186958|287834145
3186958|287834315
3197284|287834329
3197284|287834140
3197284|287833437
3197284|287833386
3197284|287833208
3197284|287833128
3197284|287832867
3197284|287363859
3197284|287363854
3197284|287363848
3197284|287363846
3197284|2088371773
3197286|287834329
3197286|287834140
3197286|287833437
3197286|287833386
3197286|287833208
3197286|287833128
3197286|287832867
3197286|287363859
3197286|287363854
3197286|1902825443
3197286|2088371773
3197288|287834329
3197288|287834140
3197288|287833437
3197288|287833386
3197288|287833208
3197288|287833128
3197288|287832867
3197288|287363859
3197288|287363854
3197288|287363848
3197288|287363846
3197288|2088371773
3197290|287834329
3197290|287834140
3197290|287833437
3197290|287833386
3197290|287833208
3197290|287833128
3197290|287832867
3197290|287363859
3197290|287363854
3197290|287363848
3197290|287363846
3197290|2088371773
3197303|287834329
3197303|287834140
3197303|287833437
3197303|287833386
3197303|287833208
3197303|287833128
3197303|287832867
3197303|287363859
3197303|287363854
3197303|287363852
3197303|1902825443
3197303|2088371773
3386014|1630393452
3386014|287363827
3386014|749847259
3386014|288385391
3386014|288769792
3386014|728903896
3386014|741158212
3386014|741158203
3386014|772629271
3386014|1041798739
3386014|749847272
3386014|1426016071
3386014|767381728
3386014|767381730
3386014|2302938533
3386014|1487738859
3386014|1487738866
3386715|772629246
3386715|1041797710
3386715|772629250
3386715|741158215
3386715|741158209
3386715|728903873
3386715|288769793
3386715|288385390
3386715|749847264
3386715|287363830
3386715|280171742
3386715|1630393452
3401028|288769808
3401028|288769793
3401028|288385390
3401028|749847264
3401028|287363830
3401028|280171742
3401028|1630393446
3401028|1902825443
3406735|300896125
3406735|772485808
3406735|772485829
3406735|373108517
3406735|373103071
3406735|373103072
3406735|288379454
3406738|288379454
3406738|373103070
3406738|747761871
3406738|734982960
3406738|734982961
3406738|287363830
3406738|280171742
3406738|1630393446
3406787|288715940
3406787|288715944
3406787|288715946
3406787|288715947
3406787|288715949
3406787|288715950
3406787|288715954
3406787|288715955
3406787|288715962
3406789|1020218487
3406789|1020218661
3406789|1020218565
3406789|1020214741
3406789|1020214673
3406789|1020215544
3406789|1020214889
3406789|1020218402
3406789|1020217048
3406789|1020217545
3406789|288715962
3407104|288769808
3407104|288769793
3407104|288385390
3407104|749847264
3407104|287363830
3407104|280171742
3407104|1630393446
3414219|1630393446
3414219|287363827
3414219|749847259
3414219|288385391
3414219|288769792
3414219|288769807
3414219|788287752
3414219|1812487093
3414219|1812487304
3415535|287363829
3415535|734982958
3415535|734982955
3415535|734982953
3415535|1988288673
3415535|765890412
3415535|288379451
3415535|288379448
3415535|288379445
3415535|288379444
3415535|288379439
3415535|288379437
3415535|288379435
3415535|288379423
3423578|288379422
3423578|288379436
3423578|288379438
3423578|288379440
3423578|288379443
3423578|288379449
3423578|288379450
3423578|1988288670
3423578|765890418
3423578|2018522781
3423578|1652609094
3423578|1983068138
3423578|287363829
3425136|1770415061
3425136|1296561496
3425136|1812487281
3425136|1812487299
3425136|1812487097
3425136|788287748
3425136|288769808
3425136|288769793
3425136|288385390
3425136|749847264
3425136|287363830
3425136|280171742
3425136|1630393446
3425139|1630393475
3425139|300896125
3425139|287363827
3425139|749847259
3425139|288385391
3425139|288769792
3425139|288769807
3425139|788287752
3425139|1812487093
3425139|1812487304
3425143|373103070
3425143|747761871
3425143|734982960
3425143|772485821
3425143|772485835
3425143|734982961
3425143|287363830
3425143|280171742
3425143|1630393446
3457993|1725651134
3457993|765316643
3457993|289079663
3457993|288385379
3457993|2088371774
3458082|287363826
3458082|1115621934
3458082|288385378
3458082|760652697
3458082|738867382
3458082|773928743
3458082|637684827
3464160|1902825443
3464160|2088371773
3464160|287363841
3464160|287363849
3464160|20832630
3464160|287832511
3464160|287832863
3464160|287833130
3464160|287833256
3464160|287833404
3464160|287834133
3464160|287834145
3464160|287834315
3477175|2643732365
3477175|2643732344
3477175|2643732367
3477175|741151222
3477175|1028147541
3477175|1028146576
3477175|2643732348
3477175|1020215189
3477175|288715963
3536975|287330543
3536975|1793178190
3536975|2684006609
3536975|1793170908
3536975|1793178209
3536975|2684006605
3536975|1864400707
3536977|1793178190
3536977|2684006609
3536977|1793170908
3536977|1793178209
3536977|2684006563
3536977|2643692976
3536977|2684006555
3536977|2154663479
3536977|2684006547
3536977|774820045
3536979|774820045
3536979|2684006542
3536979|2154663480
3536979|2684006551
3536979|2643692981
3536979|2684006559
3536979|1793178209
3536979|2684006605
3536979|1864400707
3536979|2684006608
3536979|2684006601
3536979|2684006537
3536981|2684006609
3536981|1793170908
3536981|336225189
3697098|728903896
3697098|741158212
3697098|741158203
3697098|772629271
3697098|1041798739
3697098|749847272
3697098|1426016071
3697098|767381728
3697098|767381730
3697098|2302938533
3697098|1487738859
3697098|1487738866
3867967|1027914456
3867967|720866192
3867967|1027914484
3867967|766486726
3867969|766486726
3867969|1027914407
3867969|720866183
3867969|1027914442
3868214|1636602291
3868214|1630393552
3868214|289160334
3868214|289160331
3868214|288698750
3868214|288698747
3868214|288698743
3868214|1168588079
3868214|1630393476
3868214|762199361
3868216|1636602291
3868216|1630393552
3868216|289160334
3868216|289160331
3868216|288698750
3868216|288698747
3868216|288698743
3868216|1168588079
3868216|1630393476
3868218|1630393476
3868218|288698732
3868218|288698742
3868218|288698745
3868218|288698751
3868218|285853067
3868218|289160332
3868218|702721510
3868218|702721751
3868221|1630393476
3868221|288698732
3868221|288698742
3868221|288698745
3868221|288698751
3868221|285853067
3868221|289160332
3868221|702721510
3868221|702721751
3868234|762199361
3868234|1630393476
3868234|288698732
3868234|288698742
3868234|288698745
3868234|288698751
3868234|285853067
3868234|289160332
3868234|702721510
3868234|702721751
3868237|1636602291
3868237|1630393552
3868237|289160334
3868237|289160331
3868237|288698750
3868237|288698747
3868237|288698743
3868237|1168588079
3868237|1630393476
3868237|762199361
3868240|1636602291
3868240|1630393552
3868240|289160334
3868240|289160331
3868240|288698750
3868240|288698747
3868240|288698743
3868240|1168588079
3868240|1630393476
3868240|762199361
3878094|331365624
3878094|292476936
3878094|289160331
3878094|288698750
3878094|288698747
3878094|288698743
3878094|1168588079
3878094|1630393476
3878098|331365624
3878098|289160331
3878098|288698750
3878098|288698747
3878098|288698743
3878098|1168588079
3878098|1630393476
3878098|762199361
3878104|762199361
3878104|1630393476
3878104|288698732
3878104|288698742
3878104|288698745
3878104|288698751
3878104|1641590969
3878104|292476936
3878104|299284027
3878106|762199361
3878106|1630393476
3878106|288698732
3878106|288698742
3878106|288698745
3878106|288698751
3878106|1641590969
3878106|292476936
3878106|299284027
3878108|762199361
3878108|1630393476
3878108|288698732
3878108|288698742
3878108|288698745
3878108|288698751
3878108|1641590969
3878108|292476936
3878108|299284027
3878110|331365624
3878110|289160331
3878110|288698750
3878110|288698747
3878110|288698743
3878110|1168588079
3878110|1630393476
3878110|762199361
3878116|331365624
3878116|289160331
3878116|288698750
3878116|288698747
3878116|288698743
3878116|1168588079
3878116|1630393476
3878116|762199361
3878143|331365624
3878143|292476936
3878143|289160331
3878143|288698750
3878143|288698747
3878143|288698743
3878143|1168588079
3878143|1630393476
3878143|762199361
3883716|762199361
3883716|1630393476
3883716|288698732
3883716|288698742
3883716|288698745
3883716|288698751
3883716|1641590969
3883716|292476936
3883716|299284027
3883718|762199361
3883718|1630393476
3883718|288698732
3883718|288698742
3883718|288698745
3883718|288698751
3883718|1641590969
3883718|292476936
3883718|299284027
3883720|762199361
3883720|1630393476
3883720|288698732
3883720|288698742
3883720|288698745
3883720|288698751
3883720|1641590969
3883720|292476936
3883720|299284027
3883756|1636602291
3883756|1630393552
3883756|289160334
3883756|289160331
3883756|288698750
3883756|288698747
3883756|288698743
3883756|1168588079
3883756|1630393476
3883756|287330522
3883756|1630393449
3938957|2088371774
3938957|288385378
3938957|760652697
3938957|738867382
3938957|637684827
4008430|1630393475
4008430|300896125
4008430|287363827
4008430|749847259
4008430|288385391
4008430|288769792
4008430|288769807
4008433|288769808
4008433|288769793
4008433|288385390
4008433|749847264
4008433|287363830
4008433|280171742
4008433|1630393446
4008435|288769808
4008435|288769793
4008435|288385390
4008435|749847264
4008435|287363830
4008435|280171742
4008435|1630393446
4008435|1902825443
4010313|1630393446
4010313|287363827
4010313|749847259
4010313|288385391
4010313|288769792
4010313|288769807
4010313|788287752
4010313|1812487093
4010313|1812487304
4010315|1630393475
4010315|300896125
4010315|287363827
4010315|749847259
4010315|288385391
4010315|288769792
4010315|288769807
4010315|788287752
4010315|1812487093
4010315|1812487304
4010321|1770415061
4010321|1296561496
4010321|1812487281
4010321|1812487299
4010321|1812487097
4010321|788287748
4010321|288769808
4010321|288769793
4010321|288385390
4010321|749847264
4010321|287363830
4010321|280171742
4010321|1630393446
4010323|1770415061
4010323|1296561496
4010323|1812487281
4010323|1812487299
4010323|1812487097
4010323|788287748
4010323|288769808
4010323|288769793
4010323|288385390
4010323|749847264
4010323|287363830
4010323|300896373
4010323|1630393475
4010325|1770415061
4010325|1296561496
4010325|1812487281
4010325|1812487299
4010325|1812487097
4010325|788287748
4010325|288769808
4010325|288769793
4010325|288385390
4010325|749847264
4010325|287363830
4010325|280171742
4010325|1630393446
4010325|1630393475
4010666|1770415061
4010666|288769808
4010666|288769793
4010666|288385390
4010666|749847264
4010666|287363830
4010666|280171742
4010666|1630393446
4010668|1770415061
4010668|1296561496
4010668|1812487281
4010668|1812487299
4010668|1812487097
4010668|788287748
4010668|288769808
4010668|288769793
4010668|288385390
4010668|749847264
4010668|287363830
4010668|280171742
4010668|1630393446
4010668|1630393475
4010670|1630393446
4010670|287363827
4010670|749847259
4010670|288385391
4010670|288769792
4010670|288769807
4010670|788287752
4010670|1812487093
4010670|1812487304
4021334|747152249
4021334|287363815
4021334|280171726
4021334|287363834
4021334|287363841
4021334|287363849
4021334|287363855
4021334|287363861
4021334|265614336
4021334|265614355
4021334|287363864
4021334|287375033
4021334|287375038
4021334|287375039
4021334|287375046
4021334|287375048
4021334|287375049
4021334|287375051
4021334|287375054
4021334|712338683
4021334|287375056
4021336|387226090
4021336|288385351
4021336|288385359
4021336|992768853
4021336|288385379
4021336|288385381
4021336|288385384
4021336|287363839
4021336|287354768
4021336|280171823
4021336|287013932
4021336|287363814
4021336|747152243
4021336|287354769
4021336|282464958
4021336|287363787
4021336|287330532
4021336|287375057
4021336|287354784
4021336|287363780
4021336|287363768
4021336|287363755
4021338|287363755
4021338|287363761
4021338|287363769
4021338|287363771
4021338|287330528
4021338|287330530
4021338|287363797
4021338|287363798
4021338|747152266
4021338|287354771
4021338|747152249
4021338|287363815
4021338|280171726
4021338|280171742
4021338|287363836
4021338|288385383
4021338|288385382
4021338|288385378
4021338|288385353
4021338|288385354
4021338|712557690
4021338|387226090
4021340|287363755
4021340|287363761
4021340|287363769
4021340|287363771
4021340|287330528
4021340|287330530
4021340|287363797
4021340|287363798
4021340|747152266
4021340|287354771
4021340|747152249
4021340|287363815
4021340|280171726
4021340|280171742
4021340|287363836
4021340|288385383
4021340|288385382
4021340|288385378
4021340|288385353
4021340|288385354
4021340|712557690
4021340|747169503
4021340|288385343
4021359|287013931
4021359|287363820
4021359|1988369110
4021359|772485802
4021359|330262907
4021359|773221919
4021359|968913041
4021359|773222041
4021359|27496473
4021359|764078142
4021359|773221891
4021359|773222049
4021359|773222019
4021359|773221904
4021359|1988725446
4021359|288769781
4021359|1988450222
4021359|1988450227
4021359|27485829
4021359|707416601
4021359|263494322
4021359|732107615
4021359|288715966
4021359|288715964
4021359|288715962
4021359|1020219000
4021359|1020216940
4021359|1020217631
4021359|1020214777
4021359|1020216051
4021359|1020216238
4021359|1020215695
4021359|740726455
4021359|740731001
4021359|1217713848
4021359|288715947
4021359|288715949
4021359|288715950
4021359|288715954
4021359|288715955
4021359|288715963
4021733|288769808
4021733|288769793
4021733|288385390
4021733|749847264
4021733|287363830
4021733|280171742
4021733|1630393446
4021733|1630393475
4021736|1630393446
4021736|287363827
4021736|749847259
4021736|288385391
4021736|288769792
4021736|288769807
4024616|1770415061
4024616|1296561496
4024616|1812487281
4024616|1812487299
4024616|1812487097
4024616|788287748
4024616|288769808
4024616|288769793
4024616|288385390
4024616|749847264
4024616|287363830
4024616|280171742
4024616|1630393446
4024616|1630393475
4024618|1630393446
4024618|287363827
4024618|749847259
4024618|288385391
4024618|288769792
4024618|288769807
4024618|788287752
4024618|1812487093
4024618|1812487304
4024620|1630393475
4024620|300896125
4024620|287363827
4024620|749847259
4024620|288385391
4024620|288769792
4024620|288769807
4024620|788287752
4024620|1812487093
4024620|1812487304
4027857|331365624
4027857|289160332
4027857|1020216051
4027857|1020216238
4027857|2643732349
4027857|740731001
4027857|288715947
4027857|288715949
4027857|288715950
4027857|288715954
4027857|732107538
4027857|288769777
4050399|1630393475
4050399|300896125
4050399|287363827
4050399|749847259
4050399|288385391
4050399|288769792
4050399|288769807
4076922|1770415061
4076922|288769808
4076922|288769793
4076922|288385390
4076922|749847264
4076922|287363830
4076922|280171742
4076922|1630393446
4076995|1770415061
4076995|1296561496
4076995|1812487281
4076995|1812487299
4076995|1812487097
4076995|788287748
4076995|288769808
4076995|288769793
4076995|288385390
4076995|749847264
4076995|287363830
4076995|280171742
4076995|1630393446
4076997|1630393475
4076997|300896125
4076997|287363827
4076997|749847259
4076997|288385391
4076997|288769792
4076997|288769807
4076997|788287752
4076997|1812487093
4076997|1812487304
